GEOID,STATEFP,DISTRICT,SESSN,Dperimeter,Darea,PolsbyW,Reock,ReockX,DSTperim,Coast_len,STarea,STperim,STpolsby,STreock
0101,01,01,113,1236873,16168059400,0.13280574524997726,0.4398902336724423,0.6580222570747669,552623,152078.0,133946536574,1860712,0.48616356218769935,0.4896555325371638
0102,01,02,113,1212446,26573596185,0.22716130508611712,0.494875444977859,0.6192777443863072,300869,0.0,133946536574,1860712,0.48616356218769935,0.4896555325371638
0103,01,03,113,1072170,20009510042,0.21873480315576393,0.3346798575993967,0.5800793478735928,315423,0.0,133946536574,1860712,0.48616356218769935,0.4896555325371638
0104,01,04,113,1284512,23595740637,0.1797074848289266,0.3744335439359503,0.4384369040249935,220405,0.0,133946536574,1860712,0.48616356218769935,0.4896555325371638
0105,01,05,113,649466,9985458647,0.29748463286357446,0.24684422081557694,0.4636310457344561,256996,0.0,133946536574,1860712,0.48616356218769935,0.4896555325371638
0106,01,06,113,999484,10979552563,0.13811532805963198,0.4161820584841735,0.41618205848417344,0,0.0,133946536574,1860712,0.48616356218769935,0.4896555325371638
0107,01,07,113,1605379,26634619096,0.12986751412796269,0.3544294072830313,0.4067531470468356,214364,0.0,133946536574,1860712,0.48616356218769935,0.4896555325371638
0401,04,01,113,2975174,142905877147,0.2028778395594666,0.4650794756400621,0.6014491946288151,853050,0.0,295204326855,2396456,0.6459411270630654,0.6012864922216135
0402,04,02,113,717687,20437176626,0.49860786350968317,0.538196538926766,0.673868886309271,255377,0.0,295204326855,2396456,0.6459411270630654,0.6012864922216135
0403,04,03,113,1382674,40615047784,0.26696648808727563,0.2950507921272187,0.538049403037374,467738,0.0,295204326855,2396456,0.6459411270630654,0.6012864922216135
0404,04,04,113,3009174,86489792535,0.1200271558824137,0.3746051900848544,0.5220420186845918,820266,0.0,295204326855,2396456,0.6459411270630654,0.6012864922216135
0405,04,05,113,135940,762531931,0.5185253825951647,0.5395745876903988,0.5395745876903991,0,0.0,295204326855,2396456,0.6459411270630654,0.6012864922216135
0406,04,06,113,255483,1628976602,0.313616294924413,0.6550674430993014,0.6550674430993015,0,0.0,295204326855,2396456,0.6459411270630654,0.6012864922216135
0407,04,07,113,125590,532263392,0.42405425229485344,0.5614580713049722,0.5614580713049723,0,0.0,295204326855,2396456,0.6459411270630654,0.6012864922216135
0408,04,08,113,297400,1402413677,0.1992514165395879,0.34320723790663726,0.34320723790663726,0,0.0,295204326855,2396456,0.6459411270630654,0.6012864922216135
0409,04,09,113,184656,430247158,0.1585621246533068,0.32230594382640176,0.32230594382640176,0,0.0,295204326855,2396456,0.6459411270630654,0.6012864922216135
0501,05,01,113,2220804,51270287953,0.13063352580018497,0.3481902143173673,0.5076540399817753,1253721,0.0,137731700549,2164147,0.36954687297502453,0.624860147341444
0502,05,02,113,823621,13198186687,0.24449416171038138,0.4943853926130282,0.4943853926130283,0,0.0,137731700549,2164147,0.36954687297502453,0.624860147341444
0503,05,03,113,1138855,14358470523,0.13911710994996904,0.3314722650766021,0.42279729398603194,346810,0.0,137731700549,2164147,0.36954687297502453,0.624860147341444
0504,05,04,113,1622444,58904755385,0.28120311916086754,0.3907669103829146,0.4841052804511175,563592,0.0,137731700549,2164147,0.36954687297502453,0.624860147341444
0601,06,01,113,1793202,74693790927,0.2919008259776734,0.5299686821039499,0.6605042089028376,590399,0.0,410481842143,4079693,0.3799698776327807,0.2864695557624878
0602,06,02,113,1578605,33928052948,0.17108868898693827,0.166354256301169,0.281741582942523,676244,406111.0,410481842143,4079693,0.3799698776327807,0.2864695557624878
0603,06,03,113,1159899,16472640669,0.1538622134732169,0.3842988277658566,0.39016331807276305,0,0.0,410481842143,4079693,0.3799698776327807,0.2864695557624878
0604,06,04,113,1217639,34105433768,0.2890652213899275,0.3247465647777805,0.4107999346241898,85250,0.0,410481842143,4079693,0.3799698776327807,0.2864695557624878
0605,06,05,113,616119,4674500188,0.15474430520160293,0.26998203151588035,0.29975911542434724,33375,0.0,410481842143,4079693,0.3799698776327807,0.2864695557624878
0606,06,06,113,171395,464657771,0.19876615695208685,0.38621932472319287,0.3862193247231928,0,0.0,410481842143,4079693,0.3799698776327807,0.2864695557624878
0607,06,07,113,201825,1435041406,0.4427144697247135,0.5637723667201596,0.5637723667201597,0,0.0,410481842143,4079693,0.3799698776327807,0.2864695557624878
0608,06,08,113,1959984,85577489390,0.2799392364853375,0.22480312780609604,0.42815624253024054,751965,0.0,410481842143,4079693,0.3799698776327807,0.2864695557624878
0609,06,09,113,351737,3379593698,0.3432712800513527,0.5558416185276805,0.5558416185276809,0,0.0,410481842143,4079693,0.3799698776327807,0.2864695557624878
0610,06,10,113,428865,4769580901,0.3258722609857891,0.44830424296012855,0.44830424296012855,0,0.0,410481842143,4079693,0.3799698776327807,0.2864695557624878
0611,06,11,113,261951,1314885245,0.240799373639643,0.32383524948647624,0.36055001886309374,23736,0.0,410481842143,4079693,0.3799698776327807,0.2864695557624878
0612,06,12,113,61661,93934154,0.4601336357907606,0.587964629096832,0.7278341164904738,34772,0.0,410481842143,4079693,0.3799698776327807,0.2864695557624878
0613,06,13,113,106016,269029936,0.3007916817164092,0.382790165107669,0.5837542124691854,34532,0.0,410481842143,4079693,0.3799698776327807,0.2864695557624878
0614,06,14,113,194109,711017517,0.2371346608343774,0.32737827858037843,0.6594020997271803,90143,32803.0,410481842143,4079693,0.3799698776327807,0.2864695557624878
0615,06,15,113,255846,1566992142,0.30082639238604597,0.41511206720170546,0.431230835220285,18667,0.0,410481842143,4079693,0.3799698776327807,0.2864695557624878
0616,06,16,113,596912,7472898902,0.26355902373580004,0.46840922183061123,0.4684092218306112,0,0.0,410481842143,4079693,0.3799698776327807,0.2864695557624878
0617,06,17,113,159232,501912301,0.24875595759282948,0.4851926357463621,0.49118867402882566,0,0.0,410481842143,4079693,0.3799698776327807,0.2864695557624878
0618,06,18,113,321757,1816867594,0.22053461282955972,0.5504025968418497,0.6588344943056532,55970,29663.0,410481842143,4079693,0.3799698776327807,0.2864695557624878
0619,06,19,113,369573,2387463088,0.21965684214153808,0.45923740042173383,0.45923740042173383,0,0.0,410481842143,4079693,0.3799698776327807,0.2864695557624878
0620,06,20,113,673917,12747012669,0.3526992525187604,0.3598690384588938,0.44868940261974954,184616,141909.0,410481842143,4079693,0.3799698776327807,0.2864695557624878
0621,06,21,113,1071489,17466209493,0.19117543780076038,0.2915254479443075,0.29532067723961086,0,0.0,410481842143,4079693,0.3799698776327807,0.2864695557624878
0622,06,22,113,471961,3027543310,0.1707996374924975,0.28775795473523214,0.28775795473523225,0,0.0,410481842143,4079693,0.3799698776327807,0.2864695557624878
0623,06,23,113,1280508,25736496996,0.19723960627354056,0.5019944554629316,0.5019944554629315,0,0.0,410481842143,4079693,0.3799698776327807,0.2864695557624878
0624,06,24,113,1035525,18177862240,0.3161772241601755,0.3018713133665582,0.4419369695928956,502158,360297.0,410481842143,4079693,0.3799698776327807,0.2864695557624878
0625,06,25,113,499522,4409734644,0.22208154519976314,0.37718974698939617,0.37718974698939634,0,0.0,410481842143,4079693,0.3799698776327807,0.2864695557624878
0626,06,26,113,387999,2557542945,0.3302696761919236,0.4659187436853821,0.5639307036334308,104073,64167.0,410481842143,4079693,0.3799698776327807,0.2864695557624878
0627,06,27,113,320930,1820361162,0.22209843203866103,0.5752664319618898,0.5752664319618895,0,0.0,410481842143,4079693,0.3799698776327807,0.2864695557624878
0628,06,28,113,205376,568211380,0.16928545184668606,0.3797487316241841,0.3797487316241841,0,0.0,410481842143,4079693,0.3799698776327807,0.2864695557624878
0629,06,29,113,118626,239982256,0.21430192497609535,0.38017156157942666,0.3801715615794267,0,0.0,410481842143,4079693,0.3799698776327807,0.2864695557624878
0630,06,30,113,151169,357125652,0.1963817190824676,0.3636792136923242,0.36367921369232425,0,0.0,410481842143,4079693,0.3799698776327807,0.2864695557624878
0631,06,31,113,283475,571434509,0.08936014687191386,0.22286814053246926,0.22286814053246923,0,0.0,410481842143,4079693,0.3799698776327807,0.2864695557624878
0632,06,32,113,181103,327095008,0.12532252975012156,0.4104545520621632,0.4104545520621631,0,0.0,410481842143,4079693,0.3799698776327807,0.2864695557624878
0633,06,33,113,270031,765191749,0.13187153540187332,0.20965163784872703,0.5150254618688045,84845,65573.0,410481842143,4079693,0.3799698776327807,0.2864695557624878
0634,06,34,113,76156,124243075,0.2691919589297523,0.4923272104928357,0.4923272104928357,0,0.0,410481842143,4079693,0.3799698776327807,0.2864695557624878
0635,06,35,113,156458,437752784,0.22471782837963822,0.31040969960978615,0.3104096996097861,0,0.0,410481842143,4079693,0.3799698776327807,0.2864695557624878
0636,06,36,113,709831,15514731209,0.386939346100647,0.350740318048946,0.3536313721697515,97644,0.0,410481842143,4079693,0.3799698776327807,0.2864695557624878
0637,06,37,113,73840,143483468,0.3306921495399666,0.5048040284486833,0.5048040284486832,0,0.0,410481842143,4079693,0.3799698776327807,0.2864695557624878
0638,06,38,113,133323,266490248,0.1883980156872905,0.42687184260030836,0.4268718426003082,0,0.0,410481842143,4079693,0.3799698776327807,0.2864695557624878
0639,06,39,113,178546,532418647,0.2098751744769371,0.5183962075166332,0.5183962075166334,0,0.0,410481842143,4079693,0.3799698776327807,0.2864695557624878
0640,06,40,113,93376,151149961,0.2178405649906516,0.41710401793591173,0.41710401793591173,0,0.0,410481842143,4079693,0.3799698776327807,0.2864695557624878
0641,06,41,113,231210,824114607,0.19372298425504236,0.4198363047495548,0.4198363047495547,0,0.0,410481842143,4079693,0.3799698776327807,0.2864695557624878
0642,06,42,113,524050,2468902239,0.1129711492666914,0.35209449929059083,0.3520944992905909,0,0.0,410481842143,4079693,0.3799698776327807,0.2864695557624878
0643,06,43,113,89925,187119474,0.2907771177030217,0.34958541678132754,0.45590063717013907,0,0.0,410481842143,4079693,0.3799698776327807,0.2864695557624878
0644,06,44,113,110277,222197994,0.22960075482245224,0.2822215674537731,0.30036612155426357,9706,7484.0,410481842143,4079693,0.3799698776327807,0.2864695557624878
0645,06,45,113,183768,861208592,0.32046021599743446,0.5884543173021477,0.5884543173021476,0,0.0,410481842143,4079693,0.3799698776327807,0.2864695557624878
0646,06,46,113,92922,188075212,0.2737165923176012,0.4756985125528751,0.4756985125528748,0,0.0,410481842143,4079693,0.3799698776327807,0.2864695557624878
0647,06,47,113,278172,715369018,0.41567225748088693,0.32517304679006953,0.8235343210806294,162248,128518.0,410481842143,4079693,0.3799698776327807,0.2864695557624878
0648,06,48,113,161712,396034329,0.19030770402202313,0.20281228838497406,0.3376170694652459,45653,37300.0,410481842143,4079693,0.3799698776327807,0.2864695557624878
0649,06,49,113,352212,1454353622,0.14732239908036326,0.20646907437758763,0.35854011763040916,88650,60518.0,410481842143,4079693,0.3799698776327807,0.2864695557624878
0650,06,50,113,636227,7262784766,0.22546921755323945,0.5200703382532045,0.5345842183312149,0,0.0,410481842143,4079693,0.3799698776327807,0.2864695557624878
0651,06,51,113,801912,13222645632,0.2583889299399044,0.2791216948853952,0.42641060197603736,361613,2278.0,410481842143,4079693,0.3799698776327807,0.2864695557624878
0652,06,52,113,309288,743580262,0.09768122328083056,0.243547169637056,0.2924272759983336,43466,32624.0,410481842143,4079693,0.3799698776327807,0.2864695557624878
0653,06,53,113,169721,357600418,0.15600266141090516,0.43215848184030403,0.4593257243542768,0,0.0,410481842143,4079693,0.3799698776327807,0.2864695557624878
0801,08,01,113,251355,498232097,0.09909763109807554,0.1800487577934808,0.18004875779348078,0,0.0,269602114148,2087961,0.77711974758626,0.6278077469371339
0802,08,02,113,1051393,19752957977,0.2245491345208684,0.46589041590395003,0.4737513707090995,98729,0.0,269602114148,2087961,0.77711974758626,0.6278077469371339
0803,08,03,113,2137744,129187788858,0.35523782473949533,0.5030585335690562,0.6640781441817132,1025673,0.0,269602114148,2087961,0.77711974758626,0.6278077469371339
0804,08,04,113,1839250,99121881819,0.3682113422910122,0.4425511577252418,0.5957777460912532,963548,0.0,269602114148,2087961,0.77711974758626,0.6278077469371339
0805,08,05,113,761876,18879467152,0.408724051989201,0.512288024271795,0.512288024271795,0,0.0,269602114148,2087961,0.77711974758626,0.6278077469371339
0806,08,06,113,361193,1250623226,0.1204635658437577,0.317546776802447,0.3175467768024469,0,0.0,269602114148,2087961,0.77711974758626,0.6278077469371339
0807,08,07,113,278390,911163016,0.14774003022031879,0.33449595612799904,0.33449595612799893,0,0.0,269602114148,2087961,0.77711974758626,0.6278077469371339
0901,09,01,113,359813,1800760301,0.17478791932686016,0.436816706655067,0.4674685621090491,32360,0.0,12974129792,537984,0.5633119334330878,0.4581752456717708
0902,09,02,113,386154,5309863797,0.44747627235804066,0.5391533847323732,0.6945237275998692,231061,30069.0,12974129792,537984,0.5633119334330878,0.4581752456717708
0903,09,03,113,272794,1267548068,0.21404449531469777,0.36044890673262325,0.4720788485868141,27072,28264.0,12974129792,537984,0.5633119334330878,0.4581752456717708
0904,09,04,113,227293,1253749270,0.30496294333066026,0.29495109688293986,0.5485555351930304,104953,36613.0,12974129792,537984,0.5633119334330878,0.4581752456717708
0905,09,05,113,435101,3320292537,0.22039623124785207,0.49643033575776513,0.6528774449936344,107671,0.0,12974129792,537984,0.5633119334330878,0.4581752456717708
09ZZ,09,ZZ,113,96916,21915816,0.2518077402332488,0.2243257604039876,0.3319447899957526,34904,17224.0,12974129792,537984,0.5633119334330878,0.4581752456717708
1000,10,00,113,432099,5335162188,0.3590781866552682,0.2381173081660812,1.0004722288077772,432091,99049.0,5335162188,432099,0.3590781866552682,0.2381173081660812
1198,11,98,113,67639,176984251,0.4861267019882712,0.3930549683937976,1.0000011284412862,67601,0.0,176984251,67639,0.4861267019882712,0.3930549683937976
1201,12,01,113,615580,11483064158,0.38080047356296587,0.37867573120884007,0.8284948014297477,470282,109637.0,154156249240,3319026,0.2020026140727778,0.21198855935475142
1202,12,02,113,871106,23995339176,0.39736883727699135,0.44919237606728796,0.9202895661334769,569773,409190.0,154156249240,3319026,0.2020026140727778,0.21198855935475142
1203,12,03,113,817021,19327088805,0.363838926410759,0.5249643952482917,0.6732745421863932,218334,52333.0,154156249240,3319026,0.2020026140727778,0.21198855935475142
1204,12,04,113,708828,5131987739,0.12835483457455218,0.49598337094859085,0.6527753503837229,301999,32910.0,154156249240,3319026,0.2020026140727778,0.21198855935475142
1205,12,05,113,1139074,3977611614,0.0385236626387097,0.08803536917882365,0.12134315601234005,0,0.0,154156249240,3319026,0.2020026140727778,0.21198855935475142
1206,12,06,113,629926,7333176968,0.23223187571775747,0.28728031051857733,0.5905920078693699,180251,138615.0,154156249240,3319026,0.2020026140727778,0.21198855935475142
1207,12,07,113,295605,1497783576,0.21539385369833683,0.5709799435990431,0.570979943599043,0,0.0,154156249240,3319026,0.2020026140727778,0.21198855935475142
1208,12,08,113,429380,5392593424,0.3675555169239116,0.29035333063925445,0.4968600948808554,153864,129129.0,154156249240,3319026,0.2020026140727778,0.21198855935475142
1209,12,09,113,441480,4942787327,0.31868247289147694,0.46641273293272023,0.4768991723168558,0,0.0,154156249240,3319026,0.2020026140727778,0.21198855935475142
1210,12,10,113,481060,3624699472,0.19682558122629323,0.3680616053080116,0.3680616053080116,0,0.0,154156249240,3319026,0.2020026140727778,0.21198855935475142
1211,12,11,113,529540,7014086369,0.3143279613161269,0.4738640135782054,0.5170159127119422,70918,31268.0,154156249240,3319026,0.2020026140727778,0.21198855935475142
1212,12,12,113,277522,2499149978,0.4077606191234569,0.4208663821899268,0.47766848087206687,44217,66590.0,154156249240,3319026,0.2020026140727778,0.21198855935475142
1213,12,13,113,157724,752809542,0.3802754447369626,0.30567113169964916,0.6868118551743733,72244,111353.0,154156249240,3319026,0.2020026140727778,0.21198855935475142
1214,12,14,113,245288,935647330,0.2946095355339433,0.4024030183797526,0.47225949185505567,53891,102223.0,154156249240,3319026,0.2020026140727778,0.21198855935475142
1215,12,15,113,328653,2265633754,0.2635857165850825,0.46187193078723454,0.4627557513014707,0,0.0,154156249240,3319026,0.2020026140727778,0.21198855935475142
1216,12,16,113,272808,2545076132,0.42972914158742465,0.429860016434133,0.6022195236890989,101963,71761.0,154156249240,3319026,0.2020026140727778,0.21198855935475142
1217,12,17,113,796781,18258448646,0.3614051750055584,0.6892586548697517,0.6939822820281821,19851,11832.0,154156249240,3319026,0.2020026140727778,0.21198855935475142
1218,12,18,113,350638,4388072970,0.4485011492607311,0.44961733443269664,0.6083995085031271,93966,46077.0,154156249240,3319026,0.2020026140727778,0.21198855935475142
1219,12,19,113,351887,2733327323,0.27739198652492636,0.2372371455055864,0.48476318504353527,141372,109719.0,154156249240,3319026,0.2020026140727778,0.21198855935475142
1220,12,20,113,632095,6986316584,0.21973157163891147,0.499655745310961,0.5138719950289669,0,0.0,154156249240,3319026,0.2020026140727778,0.21198855935475142
1221,12,21,113,181181,684633345,0.26208328437088363,0.2712112627342343,0.30437500336511425,0,0.0,154156249240,3319026,0.2020026140727778,0.21198855935475142
1222,12,22,113,290016,478032269,0.0714203600016988,0.09340202475707943,0.15481579093105796,77914,42236.0,154156249240,3319026,0.2020026140727778,0.21198855935475142
1223,12,23,113,185107,499010064,0.1830080664854918,0.21132578459556425,0.24424831432197885,39687,38505.0,154156249240,3319026,0.2020026140727778,0.21198855935475142
1224,12,24,113,117685,311689889,0.282804745620059,0.3741460148131474,0.40458133965511367,0,0.0,154156249240,3319026,0.2020026140727778,0.21198855935475142
1225,12,25,113,572847,8658968978,0.3315869666353246,0.4030322849244017,0.4092435275194499,22923,10587.0,154156249240,3319026,0.2020026140727778,0.21198855935475142
1226,12,26,113,786888,7684369211,0.298396660755564,0.3698152805632281,0.7830038192747708,580438,622683.0,154156249240,3319026,0.2020026140727778,0.21198855935475142
1227,12,27,113,243847,754844586,0.1595262661016177,0.22428671576700296,0.3423434729068041,105103,138556.0,154156249240,3319026,0.2020026140727778,0.21198855935475142
1301,13,01,113,1118754,21950961599,0.22039097855412845,0.38538152503628714,0.4766965339667866,565302,165645.0,152732052467,2097895,0.43608600567448425,0.5019448924181826
1302,13,02,113,1024940,25381446506,0.30361878804719333,0.4226844403610293,0.5188034205351224,341006,0.0,152732052467,2097895,0.43608600567448425,0.5019448924181826
1303,13,03,113,682612,10150932320,0.27375780363379343,0.5210216693288809,0.688920238505662,152722,0.0,152732052467,2097895,0.43608600567448425,0.5019448924181826
1304,13,04,113,246219,1309202092,0.27137512342794795,0.5169020624674104,0.5169020624674106,0,0.0,152732052467,2097895,0.43608600567448425,0.5019448924181826
1305,13,05,113,153897,691347309,0.36681160604279966,0.519516303598602,0.5195163035986021,0,0.0,152732052467,2097895,0.43608600567448425,0.5019448924181826
1306,13,06,113,189804,788046730,0.2748841566958507,0.5068371010300137,0.5068371010300138,0,0.0,152732052467,2097895,0.43608600567448425,0.5019448924181826
1307,13,07,113,221915,1042659185,0.2660569946542279,0.4363646986395031,0.4363646986395032,0,0.0,152732052467,2097895,0.43608600567448425,0.5019448924181826
1308,13,08,113,1356319,22931411922,0.15664489572244641,0.30537291372060704,0.31752747820937927,87275,0.0,152732052467,2097895,0.43608600567448425,0.5019448924181826
1309,13,09,113,759115,13909335814,0.3033196524027315,0.3812910377406191,0.563212780908792,345882,0.0,152732052467,2097895,0.43608600567448425,0.5019448924181826
1310,13,10,113,928632,18844049290,0.2745972383609058,0.5070157109453455,0.5171882806066119,61710,0.0,152732052467,2097895,0.43608600567448425,0.5019448924181826
1311,13,11,113,357119,2843677431,0.28019698573517904,0.4972340383147164,0.4972340383147166,0,0.0,152732052467,2097895,0.43608600567448425,0.5019448924181826
1312,13,12,113,1225168,21577370396,0.1806410546197144,0.3811811179799227,0.40164068969862793,301284,0.0,152732052467,2097895,0.43608600567448425,0.5019448924181826
1313,13,13,113,379829,1875745382,0.16338278797230935,0.4104364836569747,0.4104364836569747,0,0.0,152732052467,2097895,0.43608600567448425,0.5019448924181826
1314,13,14,113,622102,9435866484,0.3063851611765257,0.41978811639230745,0.5946801995975898,242657,0.0,152732052467,2097895,0.43608600567448425,0.5019448924181826
1601,16,01,113,2683431,103407768444,0.18046033132396386,0.1879417887605613,0.5352332969366087,1782397,0.0,216441309381,2989279,0.3043803301758126,0.3164922909746816
1602,16,02,113,2107841,113033540936,0.3196986709573414,0.5705729687957127,0.8412682265998983,1206812,0.0,216441309381,2989279,0.3043803301758126,0.3164922909746816
1701,17,01,113,259646,671251793,0.12512119526664703,0.18450965382687792,0.19464103702509603,1404,0.0,145913557164,2131918,0.40342599422800646,0.4149330029429628
1702,17,02,113,316042,2821903924,0.3550272936420787,0.3066002839383889,0.36872897265708837,92078,7885.0,145913557164,2131918,0.40342599422800646,0.4149330029429628
1703,17,03,113,216925,626888839,0.16740969617766505,0.2824726881816144,0.28247268818161436,0,0.0,145913557164,2131918,0.40342599422800646,0.4149330029429628
1704,17,04,113,176500,136752214,0.05516362860885325,0.29954308944793945,0.2995662987326851,0,0.0,145913557164,2131918,0.40342599422800646,0.4149330029429628
1705,17,05,113,184405,249054807,0.09203530443815397,0.3189195659031683,0.3194369396402043,3169,0.0,145913557164,2131918,0.40342599422800646,0.4149330029429628
1706,17,06,113,342092,1008458580,0.10828773389732185,0.2968027599586725,0.29680275995867245,0,0.0,145913557164,2131918,0.40342599422800646,0.4149330029429628
1707,17,07,113,157878,161335020,0.08133733600368698,0.2792491442723735,0.2905316323524133,13783,6091.0,145913557164,2131918,0.40342599422800646,0.4149330029429628
1708,17,08,113,237231,543107752,0.12126903900034287,0.380773786475866,0.380773786475866,0,0.0,145913557164,2131918,0.40342599422800646,0.4149330029429628
1709,17,09,113,157836,270483546,0.13643791831707947,0.25092787866697014,0.30110201575528706,18246,4145.0,145913557164,2131918,0.40342599422800646,0.4149330029429628
1710,17,10,113,235425,803878660,0.1822610395480472,0.3306016779228249,0.46280022659109665,33726,7028.0,145913557164,2131918,0.40342599422800646,0.4149330029429628
1711,17,11,113,276647,741928431,0.12182007661909115,0.34854144895357786,0.34854144895357786,0,0.0,145913557164,2131918,0.40342599422800646,0.4149330029429628
1712,17,12,113,849088,13434016879,0.23415830590963957,0.2849678816168201,0.5001664683091256,403339,0.0,145913557164,2131918,0.40342599422800646,0.4149330029429628
1713,17,13,113,1007089,15221312018,0.18859305973543417,0.3103427328421948,0.3182115814356259,115166,0.0,145913557164,2131918,0.40342599422800646,0.4149330029429628
1714,17,14,113,564304,4200243226,0.16575100299100035,0.29825181022386366,0.33517947742278165,62595,0.0,145913557164,2131918,0.40342599422800646,0.4149330029429628
1715,17,15,113,1534911,38415793367,0.204904948206743,0.29034276527109587,0.5366824235815258,653005,0.0,145913557164,2131918,0.40342599422800646,0.4149330029429628
1716,17,16,113,1053331,20687002903,0.23430264634187678,0.33991697206566224,0.4480044924584009,115021,0.0,145913557164,2131918,0.40342599422800646,0.4149330029429628
1717,17,17,113,1093214,18295574021,0.19237339225856667,0.287175924323304,0.3929470200446134,405271,0.0,145913557164,2131918,0.40342599422800646,0.4149330029429628
1718,17,18,113,1234084,27618725413,0.22788908797170604,0.5414091483359856,0.5545264141221445,186535,0.0,145913557164,2131918,0.40342599422800646,0.4149330029429628
17ZZ,17,ZZ,113,61988,5845761,0.09871425726470297,0.04664861243909396,0.09069857364744871,28621,20636.0,145913557164,2131918,0.40342599422800646,0.4149330029429628
1801,18,01,113,288363,3043663837,0.4599646335865634,0.3998679737336231,0.5384863902578871,146936,66495.0,93748644247,1736979,0.39046779494204775,0.4184083678026448
1802,18,02,113,528447,10384918338,0.4673147257143757,0.5536730272940072,0.5696734889008421,76756,0.0,93748644247,1736979,0.39046779494204775,0.4184083678026448
1803,18,03,113,525050,10962053402,0.4996882846531845,0.4149490229811911,0.5789005068190479,238065,0.0,93748644247,1736979,0.39046779494204775,0.4184083678026448
1804,18,04,113,708969,16520954702,0.4130376986051339,0.4260875632461922,0.5288980024434518,120222,0.0,93748644247,1736979,0.39046779494204775,0.4184083678026448
1805,18,05,113,426164,5026191944,0.3477707943312035,0.4412335891806705,0.4412335891806704,0,0.0,93748644247,1736979,0.39046779494204775,0.4184083678026448
1806,18,06,113,669701,16182258094,0.45340519262380025,0.44954804958386807,0.6184781313863931,272020,0.0,93748644247,1736979,0.39046779494204775,0.4184083678026448
1807,18,07,113,139909,791887270,0.508370269786384,0.6335232968451292,0.6335232968451292,0,0.0,93748644247,1736979,0.39046779494204775,0.4184083678026448
1808,18,08,113,1082307,19070055892,0.2045786328217418,0.2963251590307765,0.5322190161644629,728441,0.0,93748644247,1736979,0.39046779494204775,0.4184083678026448
1809,18,09,113,652513,11766660765,0.34728359919705665,0.3808879467363348,0.44025558754894034,154341,0.0,93748644247,1736979,0.39046779494204775,0.4184083678026448
1901,19,01,113,1143358,31434847789,0.302173210248644,0.41652537201290224,0.5815880760682559,404706,0.0,145745451750,1843444,0.5389451799205744,0.6146110067228281
1902,19,02,113,1071711,32189847129,0.3521863269134628,0.337625805504945,0.4862425207162867,510022,0.0,145745451750,1843444,0.5389451799205744,0.6146110067228281
1903,19,03,113,758510,22918231886,0.500573102974389,0.4968145929955969,0.5866701407890783,294312,0.0,145745451750,1843444,0.5389451799205744,0.6146110067228281
1904,19,04,113,1293684,59202524944,0.4445218304377707,0.5256729643825349,0.7001773006353833,634344,0.0,145745451750,1843444,0.5389451799205744,0.6146110067228281
2001,20,01,113,1996831,136678360900,0.43075132328854293,0.4961882635365346,0.7565386188287905,1032683,0.0,213099497265,1975022,0.6865115073999254,0.5470425817630582
2002,20,02,113,1169056,37161257609,0.3416875401134511,0.3314589606677995,0.4630078057669128,548491,0.0,213099497265,1975022,0.6865115073999254,0.5470425817630582
2003,20,03,113,239228,1994569361,0.4379591502082469,0.39241062176447566,0.5821130640688331,92683,0.0,213099497265,1975022,0.6865115073999254,0.5470425817630582
2004,20,04,113,1067989,37265309394,0.4105633550205526,0.43441630607709547,0.5687019299697684,301060,0.0,213099497265,1975022,0.6865115073999254,0.5470425817630582
2101,21,01,113,1773158,32518287381,0.1359999933897456,0.25094499326194913,0.6146003647507843,883351,0.0,104655713151,2155560,0.29149154434128033,0.3292266906124471
2102,21,02,113,1436024,18990709465,0.11572500802063491,0.37229760443812987,0.46026872972074456,227373,0.0,104655713151,2155560,0.29149154434128033,0.3292266906124471
2103,21,03,113,172198,868763549,0.368172121484432,0.41101157274030703,0.6033181129003902,61462,0.0,104655713151,2155560,0.29149154434128033,0.3292266906124471
2104,21,04,113,1061288,11624471004,0.1296927737290571,0.23682788458466159,0.3327852395464469,451094,0.0,104655713151,2155560,0.29149154434128033,0.3292266906124471
2105,21,05,113,1238420,29408504448,0.2409608105644805,0.44980065129666774,0.5839121960250122,532253,0.0,104655713151,2155560,0.29149154434128033,0.3292266906124471
2106,21,06,113,919114,11244977302,0.16727403384447245,0.5238997537159689,0.5238997537159689,0,0.0,104655713151,2155560,0.29149154434128033,0.3292266906124471
2201,22,01,113,1439098,17256108400,0.20733515993381685,0.3663644208080771,0.5352521925068268,714989,796915.0,125319158166,2754077,0.20762259868014316,0.384225578397799
2202,22,02,113,912099,3795802136,0.05733614929048312,0.19302488443929178,0.19758140925367929,7675,11196.0,125319158166,2754077,0.20762259868014316,0.384225578397799
2203,22,03,113,999771,20941613827,0.26889176844547935,0.3766447497534863,0.6260313938879825,476142,359486.0,125319158166,2754077,0.20762259868014316,0.384225578397799
2204,22,04,113,1614076,33317151403,0.16070488096106728,0.3303339095041581,0.48369091575481865,643410,0.0,125319158166,2754077,0.20762259868014316,0.384225578397799
2205,22,05,113,2202331,38548399891,0.09987357606975567,0.3738614475248744,0.6300826927630405,911843,0.0,125319158166,2754077,0.20762259868014316,0.384225578397799
2206,22,06,113,1411895,11460082507,0.07224238654375519,0.36545032888187085,0.38624239856105513,0,5439.0,125319158166,2754077,0.20762259868014316,0.384225578397799
2301,23,01,113,966846,10040944846,0.18540800054130935,0.31351631728151064,0.5781525962004739,473737,459627.0,86984232038,1799562,0.348758649102767,0.38461589066349017
2302,23,02,113,1818911,76943287191,0.292251673677345,0.4531921507790893,0.9138142969674314,1325770,647608.0,86984232038,1799562,0.348758649102767,0.38461589066349017
2401,24,01,113,1200697,11868051625,0.1105240166094439,0.23128272935875013,0.5149121899744793,815350,477762.0,27560186421,1998475,0.09839245366700711,0.22115838596916168
2402,24,02,113,508376,1157046209,0.056258642205185366,0.22510369107308098,0.256059849998753,50469,98576.0,27560186421,1998475,0.09839245366700711,0.22115838596916168
2403,24,03,113,625362,844959754,0.027150716931181894,0.19692894409982206,0.22170993025723149,44109,29336.0,27560186421,1998475,0.09839245366700711,0.22115838596916168
2404,24,04,113,332227,819580233,0.09331058851968811,0.2506148281771614,0.296415990105531,32932,0.0,27560186421,1998475,0.09839245366700711,0.22115838596916168
2405,24,05,113,525061,4186610302,0.2712789789650335,0.3046145848961407,0.511160657703797,352344,164595.0,27560186421,1998475,0.09839245366700711,0.22115838596916168
2406,24,06,113,924477,5154264999,0.07578511923074947,0.15082467907375827,0.6792363448536228,647660,0.0,27560186421,1998475,0.09839245366700711,0.22115838596916168
2407,24,07,113,428784,1279287880,0.08743783373387133,0.353184131849297,0.35318842941878975,0,0.0,27560186421,1998475,0.09839245366700711,0.22115838596916168
2408,24,08,113,588998,2250385417,0.08151514304185119,0.30705684698190844,0.3848296593779145,55412,0.0,27560186421,1998475,0.09839245366700711,0.22115838596916168
2501,25,01,113,496799,6216684601,0.3165237006182576,0.40927517031562455,0.6304551789956395,279209,0.0,21936719019,1247030,0.23636677898660566,0.32143694267802475
2502,25,02,113,452741,4438230808,0.27209366004145696,0.41146282718324584,0.5097515842443614,68444,0.0,21936719019,1247030,0.23636677898660566,0.32143694267802475
2503,25,03,113,334147,2038778298,0.2294582215068206,0.348165585824425,0.5848413377160402,93170,0.0,21936719019,1247030,0.23636677898660566,0.32143694267802475
2504,25,04,113,374200,1817332213,0.16309333848402502,0.3544259990061511,0.4287687158749103,55875,0.0,21936719019,1247030,0.23636677898660566,0.32143694267802475
2505,25,05,113,235500,724740999,0.16421328707601132,0.32202596253878674,0.3366037771922265,10429,8250.0,21936719019,1247030,0.23636677898660566,0.32143694267802475
2506,25,06,113,249704,1502845934,0.3028801956560737,0.49773275670389616,0.698830982668832,107948,82796.0,21936719019,1247030,0.23636677898660566,0.32143694267802475
2507,25,07,113,158077,180862802,0.12320454073999913,0.2049233475852871,0.23549682630428825,3419,0.0,21936719019,1247030,0.23636677898660566,0.32143694267802475
2508,25,08,113,314095,928956820,0.11832652395902563,0.3872206882036333,0.4220651332376045,43484,14638.0,21936719019,1247030,0.23636677898660566,0.32143694267802475
2509,25,09,113,720321,4088286540,0.19350833597467076,0.38793780370089886,0.7641076452385496,585042,479326.0,21936719019,1247030,0.23636677898660566,0.32143694267802475
2601,26,01,113,3047802,69575244277,0.24527593190914676,0.2834936219563438,0.6622397853774222,2726061,1966889.0,153603881942,3900734,0.3591445733306417,0.4328548180068699
2602,26,02,113,572835,8856258161,0.3391567148297211,0.3726094277550023,0.4724323940890321,145820,76339.0,153603881942,3900734,0.3591445733306417,0.4328548180068699
2603,26,03,113,598251,6988247976,0.24536363068533357,0.32199505189883715,0.3271321660505545,0,0.0,153603881942,3900734,0.3591445733306417,0.4328548180068699
2604,26,04,113,851792,22427425904,0.3884375338823325,0.4593143054945418,0.4787999317024475,0,0.0,153603881942,3900734,0.3591445733306417,0.4328548180068699
2605,26,05,113,673673,6285784638,0.17404824859838677,0.18320694042261726,0.23091230848367622,145497,125467.0,153603881942,3900734,0.3591445733306417,0.4328548180068699
2606,26,06,113,465979,9461058684,0.5475389390214408,0.4900974215171919,0.7966248558982711,212431,87570.0,153603881942,3900734,0.3591445733306417,0.4328548180068699
2607,26,07,113,679329,11182384309,0.3044965909262613,0.4413562459417391,0.5181336837754683,196662,30203.0,153603881942,3900734,0.3591445733306417,0.4328548180068699
2608,26,08,113,362008,3992852453,0.3828727390618088,0.31271679420824827,0.31271679420824827,0,0.0,153603881942,3900734,0.3591445733306417,0.4328548180068699
2609,26,09,113,185830,487613770,0.17743982660003596,0.3819015098670421,0.3882822174398768,3466,12123.0,153603881942,3900734,0.3591445733306417,0.4328548180068699
2610,26,10,113,573957,11089981364,0.4230389551029975,0.420404150305929,0.7086791101032734,313666,272506.0,153603881942,3900734,0.3591445733306417,0.4328548180068699
2611,26,11,113,304871,1141252142,0.15429703990111404,0.41089674349963584,0.4108967434996359,0,0.0,153603881942,3900734,0.3591445733306417,0.4328548180068699
2612,26,12,113,248950,1094477893,0.22191675199925193,0.3598715833164279,0.366992275057768,25579,7896.0,153603881942,3900734,0.3591445733306417,0.4328548180068699
2613,26,13,113,183355,484210390,0.18099139977030534,0.3251574125078561,0.4112327839396506,6510,0.0,153603881942,3900734,0.3591445733306417,0.4328548180068699
2614,26,14,113,247027,498478411,0.10265142846927108,0.24262102378470707,0.25056169396109285,28763,4079.0,153603881942,3900734,0.3591445733306417,0.4328548180068699
26ZZ,26,ZZ,113,206398,38611561,0.19483299900429327,0.15143450028627148,0.2256985445035939,96350,35896.0,153603881942,3900734,0.3591445733306417,0.4328548180068699
2701,27,01,113,1071517,31554121445,0.345356227324209,0.2538864977902604,0.5068899245634394,548840,0.0,218550947981,3042808,0.29662845640277336,0.4581178949215427
2702,27,02,113,497481,6557758120,0.3329748854550071,0.3279367959497183,0.3988496070591288,125917,0.0,218550947981,3042808,0.29662845640277336,0.4581178949215427
2703,27,03,113,262406,1509772898,0.2755321248972016,0.5218398715975123,0.5218398715975122,0,0.0,218550947981,3042808,0.29662845640277336,0.4581178949215427
2704,27,04,113,144445,946131057,0.569838949368765,0.5712739882059364,0.6273524880753261,35236,0.0,218550947981,3042808,0.29662845640277336,0.4581178949215427
2705,27,05,113,114924,368156251,0.3502801650488976,0.465502754261104,0.46550275426110405,0,0.0,218550947981,3042808,0.29662845640277336,0.4581178949215427
2706,27,06,113,659792,7869091905,0.22715377043230528,0.40982012947679053,0.41200874175502183,22431,0.0,218550947981,3042808,0.29662845640277336,0.4581178949215427
2707,27,07,113,2302641,91625921569,0.21715772085339463,0.2694479551185686,0.49904024642923406,1274739,0.0,218550947981,3042808,0.29662845640277336,0.4581178949215427
2708,27,08,113,1714401,78119994732,0.334000014090626,0.47227703594067166,0.844580788391133,1035599,152515.0,218550947981,3042808,0.29662845640277336,0.4581178949215427
2801,28,01,113,1015350,27792795481,0.3387740568163989,0.45031412827903394,0.5622813136637708,407895,0.0,123544536873,2383660,0.2732400351488521,0.4760194566390121
2802,28,02,113,1871777,41239366709,0.1479152944465869,0.35131552184393183,0.593586369451625,969459,0.0,123544536873,2383660,0.2732400351488521,0.4760194566390121
2803,28,03,113,1598022,33375793112,0.16423866774849732,0.26575764138432956,0.384838901523381,482002,0.0,123544536873,2383660,0.2732400351488521,0.4760194566390121
2804,28,04,113,826226,21136581570,0.3890862884177344,0.47167381160118793,0.7222708016595834,524281,114998.0,123544536873,2383660,0.2732400351488521,0.4760194566390121
2901,29,01,113,169251,610796029,0.26794203721751936,0.4307386586859856,0.5639605446530748,37946,0.0,180540238991,2377227,0.4014596252550735,0.42806834406743804
2902,29,02,113,282620,1243788573,0.19568102066318901,0.48730437754513306,0.5071853345502817,19225,0.0,180540238991,2377227,0.4014596252550735,0.42806834406743804
2903,29,03,113,999427,18113608196,0.227882976109427,0.3903172918957905,0.41729307817892763,122101,0.0,180540238991,2377227,0.4014596252550735,0.42806834406743804
2904,29,04,113,1443080,38056666887,0.22964608568471606,0.43876085997515485,0.48156132989445805,174643,0.0,180540238991,2377227,0.4014596252550735,0.42806834406743804
2905,29,05,113,640168,6371054603,0.19535872680173363,0.36079433138121514,0.3628015120253318,31389,0.0,180540238991,2377227,0.4014596252550735,0.42806834406743804
2906,29,06,113,1573151,47661134092,0.24200978291687703,0.3200465837447331,0.5621458676430252,858503,0.0,180540238991,2377227,0.4014596252550735,0.42806834406743804
2907,29,07,113,677658,16494997146,0.45137765868256485,0.5288966373467283,0.6518962356912261,258101,0.0,180540238991,2377227,0.4014596252550735,0.42806834406743804
2908,29,08,113,1352061,51988193460,0.3573728022668643,0.6342988134561283,0.8870345778575732,875282,0.0,180540238991,2377227,0.4014596252550735,0.42806834406743804
3000,30,00,113,3113751,380825723009,0.4935918287706256,0.5074253288695783,1.0000244148561996,3113703,0.0,380825723009,3113751,0.4935918287706256,0.5074253288695783
3101,31,01,113,941170,23245806400,0.3297750186853511,0.4790047893173699,0.6014226747395137,266285,0.0,200329005511,2142070,0.54863789170219,0.43048418085243373
3102,31,02,113,194830,1363706762,0.45145654994262047,0.5486063590848127,0.5712256121737341,40335,0.0,200329005511,2142070,0.54863789170219,0.43048418085243373
3103,31,03,113,2355835,175719492349,0.39786861701663284,0.3776011443292776,0.8771824695256828,1835435,0.0,200329005511,2142070,0.54863789170219,0.43048418085243373
3201,32,01,113,76142,270660841,0.5866464590062407,0.5632571420207496,0.5632571420207497,0,0.0,286380208652,2401848,0.6238230376476042,0.42078614404927617
3202,32,02,113,1763377,145914777984,0.5896827121670931,0.53331805935039,0.7051227466098727,1117269,0.0,286380208652,2401848,0.6238230376476042,0.42078614404927617
3203,32,03,113,479991,7481571108,0.4080699914875518,0.34176939164434306,0.8508585432445032,302426,0.0,286380208652,2401848,0.6238230376476042,0.42078614404927617
3204,32,04,113,1802622,132713198718,0.5132321310247772,0.49862463031878773,0.7490028268351391,982125,0.0,286380208652,2401848,0.6238230376476042,0.42078614404927617
3301,33,01,113,693411,6831635353,0.17854693931891819,0.2666541356019134,0.41032676456719286,230479,18752.0,24033762534,958577,0.3286824990360198,0.29724195204391407
3302,33,02,113,1191016,17202127181,0.15238986639058888,0.21275045283654262,0.7157932267049105,728054,0.0,24033762534,958577,0.3286824990360198,0.29724195204391407
3401,34,01,113,213953,958545534,0.2631390482819945,0.3834355252660412,0.454352918204704,51049,0.0,20175529484,832356,0.3716173840068441,0.31346459562470236
3402,34,02,113,507104,5907367262,0.29605449010458595,0.44554222192166315,0.6887793463072049,270399,125459.0,20175529484,832356,0.3716173840068441,0.31346459562470236
3403,34,03,113,362341,2541645138,0.26613283548706335,0.47211615171859656,0.5059930213375646,73918,14570.0,20175529484,832356,0.3716173840068441,0.31346459562470236
3404,34,04,113,323112,1835128702,0.2208857181309568,0.4274225514115414,0.5049113788834011,24459,1406.0,20175529484,832356,0.3716173840068441,0.31346459562470236
3405,34,05,113,398368,2651086927,0.20992436663890945,0.33712150533035457,0.4205859007923725,182784,0.0,20175529484,832356,0.3716173840068441,0.31346459562470236
3406,34,06,113,275406,603787308,0.10003360695817065,0.2327591182564595,0.30530207030037115,75894,29086.0,20175529484,832356,0.3716173840068441,0.31346459562470236
3407,34,07,113,392778,2560058921,0.2085277804119071,0.5303570089636235,0.5609197789132786,78150,0.0,20175529484,832356,0.3716173840068441,0.31346459562470236
3408,34,08,113,148451,179117491,0.10213593172025726,0.29518360348321826,0.4045362838210749,30870,0.0,20175529484,832356,0.3716173840068441,0.31346459562470236
3409,34,09,113,140173,266127062,0.17020313552054261,0.4008561634556645,0.42928852200482664,14689,0.0,20175529484,832356,0.3716173840068441,0.31346459562470236
3410,34,10,113,143743,209488336,0.12740632934429486,0.3069416036529511,0.3277684162553243,4972,0.0,20175529484,832356,0.3716173840068441,0.31346459562470236
3411,34,11,113,277861,1377088518,0.2241383378487849,0.5700297676588714,0.570029767658871,0,0.0,20175529484,832356,0.3716173840068441,0.31346459562470236
3412,34,12,113,285785,1086088280,0.1671068110899033,0.3359048208641814,0.3497897232842302,25173,0.0,20175529484,832356,0.3716173840068441,0.31346459562470236
3501,35,01,113,747955,11932338227,0.2680302278634341,0.38859579491191415,0.3885957949119141,0,0.0,314911869193,2400619,0.6866758325143537,0.5622917988636441
3502,35,02,113,2412984,186217778034,0.4019033661702917,0.5566792876099916,0.7928200340933242,1336231,0.0,314911869193,2400619,0.6866758325143537,0.5622917988636441
3503,35,03,113,1951813,116761752931,0.38515335325621763,0.3940100594969121,0.5242942067705858,1064375,0.0,314911869193,2400619,0.6866758325143537,0.5622917988636441
3601,36,01,113,378312,2377160039,0.24436977318892816,0.22506828010306784,0.9079905152569001,305313,223040.0,127599794585,2442688,0.2746791253002289,0.3641338148169097
3602,36,02,113,135348,617707939,0.4237286746276261,0.4337202101858284,0.5530382247570792,28209,6674.0,127599794585,2442688,0.2746791253002289,0.3641338148169097
3603,36,03,113,148399,753759345,0.4301098000888265,0.385706188453082,0.5119931257247516,46061,33555.0,127599794585,2442688,0.2746791253002289,0.3641338148169097
3604,36,04,113,95286,331901706,0.459362946534042,0.5676625017271648,0.6298557026569496,21382,3947.0,127599794585,2442688,0.2746791253002289,0.3641338148169097
3605,36,05,113,91677,171244500,0.2560352093565856,0.26822125304715455,0.3266416918950796,19691,19991.0,127599794585,2442688,0.2746791253002289,0.3641338148169097
3606,36,06,113,52225,77798301,0.3584419454686254,0.47595666131153463,0.47595666131153475,0,0.0,127599794585,2442688,0.2746791253002289,0.3641338148169097
3607,36,07,113,75469,44580044,0.09835844314773041,0.22432754684387796,0.22432754684387796,0,0.0,127599794585,2442688,0.2746791253002289,0.3641338148169097
3608,36,08,113,82465,110387282,0.20397672086141821,0.38669562649999656,0.39185437345068075,6013,7761.0,127599794585,2442688,0.2746791253002289,0.3641338148169097
3609,36,09,113,40716,40774427,0.3090671703977031,0.326482885160669,0.32648288516066903,0,0.0,127599794585,2442688,0.2746791253002289,0.3641338148169097
3610,36,10,113,88534,59625325,0.09559146692464505,0.10772025770094236,0.1524699260124306,20236,0.0,127599794585,2442688,0.2746791253002289,0.3641338148169097
3611,36,11,113,81885,196747181,0.3687228092194048,0.34299205906664704,0.8463105093813279,53408,11685.0,127599794585,2442688,0.2746791253002289,0.3641338148169097
3612,36,12,113,42567,45501409,0.3155531522330573,0.42729902936164454,0.47817248170795096,0,0.0,127599794585,2442688,0.2746791253002289,0.3641338148169097
3613,36,13,113,38838,33520837,0.279252062532478,0.23984383082439872,0.2874553821337813,8348,0.0,127599794585,2442688,0.2746791253002289,0.3641338148169097
3614,36,14,113,79443,113227303,0.225449048144731,0.31574708821778585,0.3172859430366057,0,6554.0,127599794585,2442688,0.2746791253002289,0.3641338148169097
3615,36,15,113,32282,43985345,0.5303705976366526,0.6460585558477177,0.6460585558477177,0,0.0,127599794585,2442688,0.2746791253002289,0.3641338148169097
3616,36,16,113,95823,224262830,0.30691954784905207,0.45803577600946305,0.5940728577409429,31832,14167.0,127599794585,2442688,0.2746791253002289,0.3641338148169097
3617,36,17,113,174592,1140847328,0.470314219775336,0.5305624044923264,0.6787039024298632,50446,0.0,127599794585,2442688,0.2746791253002289,0.3641338148169097
3618,36,18,113,384914,3667561013,0.31107089505741653,0.41957768272259754,0.5583027375376424,115892,0.0,127599794585,2442688,0.2746791253002289,0.3641338148169097
3619,36,19,113,1017256,20987604373,0.25486585296027137,0.5616598019199894,0.6969408477625485,313553,0.0,127599794585,2442688,0.2746791253002289,0.3641338148169097
3620,36,20,113,345349,3271323703,0.34468028667863243,0.4854938400926818,0.4854938400926821,0,0.0,127599794585,2442688,0.2746791253002289,0.3641338148169097
3621,36,21,113,1047607,41430562399,0.47438740067387875,0.5904790097599757,0.7996401292041102,644922,120221.0,127599794585,2442688,0.2746791253002289,0.3641338148169097
3622,36,22,113,889478,13502882894,0.21446949563872195,0.3646167063159785,0.3831568448649802,100996,28654.0,127599794585,2442688,0.2746791253002289,0.3641338148169097
3623,36,23,113,863091,19615270945,0.33089498995613553,0.3035977727225323,0.5782778755806309,348749,32048.0,127599794585,2442688,0.2746791253002289,0.3641338148169097
3624,36,24,113,439192,6409546531,0.417567742722523,0.5097846720031439,0.5769688970066887,87847,54869.0,127599794585,2442688,0.2746791253002289,0.3641338148169097
3625,36,25,113,175412,1341796730,0.5479943046344784,0.5455243916903527,0.645603234299133,38097,17144.0,127599794585,2442688,0.2746791253002289,0.3641338148169097
3626,36,26,113,142876,598404481,0.3683685780699057,0.35176088684390117,0.5206177818184342,43773,1450.0,127599794585,2442688,0.2746791253002289,0.3641338148169097
3627,36,27,113,627730,10391810363,0.34522190550289444,0.5439326982307102,0.6520057740752673,157931,69224.0,127599794585,2442688,0.2746791253002289,0.3641338148169097
3701,37,01,113,2123136,14641917853,0.04081800676442948,0.3254534638817968,0.40409914764762705,130580,0.0,136542985072,2097728,0.38992438544835134,0.2972863031038865
3702,37,02,113,995702,8537910537,0.10821864644420764,0.42568748974404846,0.4274095575933504,0,0.0,136542985072,2097728,0.38992438544835134,0.2972863031038865
3703,37,03,113,1915733,29023979616,0.0993793806182982,0.34251167439221686,0.49904985333881574,469570,310595.0,136542985072,2097728,0.38992438544835134,0.2972863031038865
3704,37,04,113,851336,2763914863,0.047921594547519854,0.15966012581007794,0.1596601258100779,0,0.0,136542985072,2097728,0.38992438544835134,0.2972863031038865
3705,37,05,113,857365,9315521107,0.15925187526495832,0.4406833620603967,0.5083175952651031,131889,0.0,136542985072,2097728,0.38992438544835134,0.2972863031038865
3706,37,06,113,980062,9664318576,0.12643662975056918,0.27080464765649853,0.5091940085653945,207178,0.0,136542985072,2097728,0.38992438544835134,0.2972863031038865
3707,37,07,113,1287114,16294872544,0.12360226529174012,0.38582099419296717,0.4479565602701236,205833,113801.0,136542985072,2097728,0.38992438544835134,0.2972863031038865
3708,37,08,113,809083,11855342243,0.22758151526180515,0.3442853831263334,0.4378813047017462,161767,0.0,136542985072,2097728,0.38992438544835134,0.2972863031038865
3709,37,09,113,593854,2335141163,0.08320737721863918,0.15508118248046243,0.1752478086310922,79739,0.0,136542985072,2097728,0.38992438544835134,0.2972863031038865
3710,37,10,113,603307,6771133478,0.23377264655920885,0.37373529029574043,0.4835910917189102,115982,0.0,136542985072,2097728,0.38992438544835134,0.2972863031038865
3711,37,11,113,1013631,17902344718,0.21895702382909124,0.28614996863113945,0.7418922784993998,595154,0.0,136542985072,2097728,0.38992438544835134,0.2972863031038865
3712,37,12,113,786616,1443079062,0.029307117570347943,0.07055636263180536,0.07055636263180538,0,0.0,136542985072,2097728,0.38992438544835134,0.2972863031038865
3713,37,13,113,1117642,5993509306,0.06029550045648926,0.35232513470312143,0.35232513470312166,0,0.0,136542985072,2097728,0.38992438544835134,0.2972863031038865
3800,38,00,113,2075338,183105807869,0.5342366471282438,0.5670098828302532,1.0000287930307317,2075306,0.0,183105807869,2075338,0.5342366471282438,0.5670098828302532
3901,39,01,113,379311,1805879544,0.1577267916615403,0.30152844542316387,0.34772998173957737,58067,0.0,107112243680,1624999,0.5274846309780996,0.5874403060497384
3902,39,02,113,659436,8421233718,0.24335439317517338,0.46321847375805864,0.5820147287401035,196713,0.0,107112243680,1624999,0.5274846309780996,0.5874403060497384
3903,39,03,113,368033,601796563,0.055832196276887194,0.5028671624614239,0.5028671624614238,0,0.0,107112243680,1624999,0.5274846309780996,0.5874403060497384
3904,39,04,113,1010403,12204666885,0.15022630501359285,0.2673789931085372,0.2894023378881824,0,0.0,107112243680,1624999,0.5274846309780996,0.5874403060497384
3905,39,05,113,767299,14644747274,0.31258040949965893,0.5314016209100736,0.6460663452079103,240963,0.0,107112243680,1624999,0.5274846309780996,0.5874403060497384
3906,39,06,113,1273028,18888508955,0.14646408885426881,0.20066321864379896,0.3238226210312086,559450,0.0,107112243680,1624999,0.5274846309780996,0.5874403060497384
3907,39,07,113,997030,10074445513,0.12735440960423955,0.484435127649151,0.4864738541698067,0,0.0,107112243680,1624999,0.5274846309780996,0.5874403060497384
3908,39,08,113,546333,6387100008,0.2689042579973709,0.35411976917264,0.47559516627688775,136871,0.0,107112243680,1624999,0.5274846309780996,0.5874403060497384
3909,39,09,113,535237,1473440002,0.09212552029427963,0.0836665353205967,0.16395374608711466,200075,143589.0,107112243680,1624999,0.5274846309780996,0.5874403060497384
3910,39,10,113,301839,2941385965,0.4057053079151367,0.31596852873494186,0.3159685287349415,0,0.0,107112243680,1624999,0.5274846309780996,0.5874403060497384
3911,39,11,113,328187,633008182,0.07385413770812323,0.1564086021108682,0.16436487814865042,28536,9946.0,107112243680,1624999,0.5274846309780996,0.5874403060497384
3912,39,12,113,720809,5961117212,0.14417698613565305,0.32356905411240183,0.32356905411240183,0,0.0,107112243680,1624999,0.5274846309780996,0.5874403060497384
3913,39,13,113,598728,2386362279,0.08365385105879908,0.31896151362167385,0.3240023102001884,40891,0.0,107112243680,1624999,0.5274846309780996,0.5874403060497384
3914,39,14,113,489536,5162118167,0.27068691318358856,0.407029847812131,0.6454607015026425,163399,53159.0,107112243680,1624999,0.5274846309780996,0.5874403060497384
3915,39,15,113,1026644,12373485275,0.14752364011429037,0.38848591030955415,0.4002391162173466,0,0.0,107112243680,1624999,0.5274846309780996,0.5874403060497384
3916,39,16,113,593671,3152948132,0.11241749980661934,0.35480007219499693,0.35500849032302234,0,0.0,107112243680,1624999,0.5274846309780996,0.5874403060497384
4001,40,01,113,519089,4369511033,0.20377818862733937,0.2408297172924324,0.24379440625331303,18040,0.0,181037585446,2670681,0.31895838215295685,0.334477441545128
4002,40,02,113,1663696,56330791794,0.2557449916222145,0.4057273319831876,0.5949680426912984,977174,0.0,181037585446,2670681,0.31895838215295685,0.334477441545128
4003,40,03,113,2006965,89175734859,0.27821222618533825,0.314839702505448,0.7897743566964657,1252576,0.0,181037585446,2670681,0.31895838215295685,0.334477441545128
4004,40,04,113,1142288,25731111245,0.24780856874821852,0.5015131718669618,0.6090951575693926,422809,0.0,181037585446,2670681,0.31895838215295685,0.334477441545128
4005,40,05,113,508465,5430436513,0.26394966580652446,0.34880470524924756,0.34880470524924745,0,0.0,181037585446,2670681,0.31895838215295685,0.334477441545128
4101,41,01,113,596340,8003158264,0.29013038643216527,0.43758968345015026,0.6637538827527534,223877,63436.0,251399275546,2291739,0.6054365002923241,0.6042941405997034
4102,41,02,113,2141466,181759980854,0.49806392716463255,0.516693465353658,0.7560989017420309,1456463,0.0,251399275546,2291739,0.6054365002923241,0.6042941405997034
4103,41,03,113,385316,2865776108,0.24255907764626056,0.4050927518382563,0.5055715828608713,70831,0.0,251399275546,2291739,0.6054365002923241,0.6042941405997034
4104,41,04,113,1182290,45163460919,0.4060209046311691,0.4297463817600761,0.5443374999675965,360514,153831.0,251399275546,2291739,0.6054365002923241,0.6042941405997034
4105,41,05,113,1100759,13606899400,0.14111846035715309,0.3519189634826278,0.4318302999335817,180041,133180.0,251399275546,2291739,0.6054365002923241,0.6042941405997034
4201,42,01,113,191692,232965034,0.07966892115464638,0.1533580605973603,0.2640656939406361,48940,0.0,117346748168,1553596,0.6109474380366547,0.5751649773332783
4202,42,02,113,79872,195489837,0.3850718695749128,0.5436258700263361,0.5454755249418798,0,0.0,117346748168,1553596,0.6109474380366547,0.5751649773332783
4203,42,03,113,735318,10159674333,0.2361233019138653,0.3240620591953692,0.3978614312526373,174202,31458.0,117346748168,1553596,0.6109474380366547,0.5751649773332783
4204,42,04,113,350242,3972828956,0.4069777421852984,0.45373221652985257,0.6203836882709843,98522,0.0,117346748168,1553596,0.6109474380366547,0.5751649773332783
4205,42,05,113,1136761,27952742118,0.2718284227655005,0.4489566504240196,0.514555958159501,223670,3292.0,117346748168,1553596,0.6109474380366547,0.5751649773332783
4206,42,06,113,587844,2258292841,0.08212295391905114,0.3304216839610234,0.33042168396102334,0,0.0,117346748168,1553596,0.6109474380366547,0.5751649773332783
4207,42,07,113,831801,2255251900,0.04096044199544536,0.3613717785591607,0.4046905291140967,42268,0.0,117346748168,1553596,0.6109474380366547,0.5751649773332783
4208,42,08,113,254557,1880336670,0.36464775043701136,0.44903005422625986,0.6063060073022128,103756,0.0,117346748168,1553596,0.6109474380366547,0.5751649773332783
4209,42,09,113,1167097,14935700840,0.1377910926921841,0.3920460442203461,0.5568923647863006,208555,0.0,117346748168,1553596,0.6109474380366547,0.5751649773332783
4210,42,10,113,1376882,21996875611,0.14580648352155062,0.34909895035917793,0.3978669368812092,357920,0.0,117346748168,1553596,0.6109474380366547,0.5751649773332783
4211,42,11,113,906140,8886335730,0.1360008177048782,0.19134584328301754,0.19230748183667656,0,0.0,117346748168,1553596,0.6109474380366547,0.5751649773332783
4212,42,12,113,854057,5661612139,0.09753834832162929,0.24142465268241106,0.25341507323427975,50196,0.0,117346748168,1553596,0.6109474380366547,0.5751649773332783
4213,42,13,113,257979,404561404,0.0763877504865055,0.3712789722122566,0.37346754232368606,0,0.0,117346748168,1553596,0.6109474380366547,0.5751649773332783
4214,42,14,113,250924,568888935,0.1135408856310645,0.34126262014017594,0.34126262014017605,0,0.0,117346748168,1553596,0.6109474380366547,0.5751649773332783
4215,42,15,113,540143,3362113098,0.1448117031560655,0.20184591836210541,0.20339752012509268,11041,0.0,117346748168,1553596,0.6109474380366547,0.5751649773332783
4216,42,16,113,512437,2689149973,0.128689361850581,0.39225719021470246,0.41499432670430775,34532,0.0,117346748168,1553596,0.6109474380366547,0.5751649773332783
4217,42,17,113,825173,4547974917,0.08393379464942413,0.25593105107790454,0.2621938863482144,72207,0.0,117346748168,1553596,0.6109474380366547,0.5751649773332783
4218,42,18,113,632833,5385953822,0.1690027284385312,0.3848558638405755,0.47121036042308273,127774,0.0,117346748168,1553596,0.6109474380366547,0.5751649773332783
4401,44,01,113,219368,991708889,0.2589669570252688,0.2375360845427597,0.3767712871830845,122371,32117.0,3202842565,301854,0.5518868767525485,0.47831703698714595
4402,44,02,113,276473,2211133676,0.4655645725812826,0.3816298473108682,0.7448168002075127,179474,60146.0,3202842565,301854,0.5518868767525485,0.47831703698714595
4501,45,01,113,902866,4698196112,0.07242576578185309,0.16386503614236986,0.309656357535897,243397,193651.0,80666136378,1549072,0.4224322493609334,0.5260180136061494
4502,45,02,113,776470,8053559090,0.16786019564387483,0.42893925816877176,0.43953278876740914,111931,0.0,80666136378,1549072,0.4224322493609334,0.5260180136061494
4503,45,03,113,732380,14163799777,0.331829733135719,0.47016744089777907,0.7757529827369719,326239,0.0,80666136378,1549072,0.4224322493609334,0.5260180136061494
4504,45,04,113,404077,3409853032,0.26243137019458557,0.4588049822618578,0.49535977189002417,95222,0.0,80666136378,1549072,0.4224322493609334,0.5260180136061494
4505,45,05,113,925116,14525280140,0.21327550257112118,0.3647742019683814,0.4392965846588533,173226,0.0,80666136378,1549072,0.4224322493609334,0.5260180136061494
4506,45,06,113,1818307,21684228135,0.08241733503678955,0.40347154360398146,0.5508017916115882,259172,5834.0,80666136378,1549072,0.4224322493609334,0.5260180136061494
4507,45,07,113,759236,14131220088,0.30805944261996476,0.3461673259137231,0.4287863619192329,339844,85656.0,80666136378,1549072,0.4224322493609334,0.5260180136061494
4600,46,00,113,2091284,199728966389,0.5738844627179204,0.5199838642661033,1.0000221907997202,2091269,0.0,199728966389,2091284,0.5738844627179204,0.5199838642661033
4701,47,01,113,772908,10935332704,0.23003019243038197,0.31510891292704013,0.7639200160168993,488586,0.0,109153262287,2061505,0.32275802482846233,0.23908907912542304
4702,47,02,113,840134,6291946643,0.11553297078832304,0.36892491964598734,0.39442853503274794,102687,0.0,109153262287,2061505,0.32275802482846233,0.23908907912542304
4703,47,03,113,1126029,12212220006,0.12103313904411561,0.31586554581158055,0.3879022338188104,234592,0.0,109153262287,2061505,0.32275802482846233,0.23908907912542304
4704,47,04,113,1184293,15742186057,0.14104446608531013,0.37514482258352844,0.43760356304254255,118114,0.0,109153262287,2061505,0.32275802482846233,0.23908907912542304
4705,47,05,113,375605,3305986504,0.29447439552632454,0.5087835887457183,0.5087835887457184,0,0.0,109153262287,2061505,0.32275802482846233,0.23908907912542304
4706,47,06,113,943475,17094096540,0.24132077970377677,0.4342504333841829,0.5793435741661003,199874,0.0,109153262287,2061505,0.32275802482846233,0.23908907912542304
4707,47,07,113,1138110,24141781071,0.23421255637760216,0.43984384457500525,0.5451455418770442,313341,0.0,109153262287,2061505,0.32275802482846233,0.23908907912542304
4708,47,08,113,921593,18125750553,0.29579009177769533,0.44206909124024424,0.5755212152524187,471850,0.0,109153262287,2061505,0.32275802482846233,0.23908907912542304
4709,47,09,113,282385,1306552441,0.20589796148253664,0.4409962647199172,0.7374029271142991,132431,0.0,109153262287,2061505,0.32275802482846233,0.23908907912542304
4801,48,01,113,1153112,21331334360,0.20159709314907853,0.41934571186746455,0.5837566184599758,257945,0.0,691937380137,5610429,0.2762383657638946,0.49614985576279924
4802,48,02,113,382052,854521970,0.07356755895700207,0.2416248862464716,0.24162488624647166,0,0.0,691937380137,5610429,0.2762383657638946,0.49614985576279924
4803,48,03,113,213779,1343347299,0.3693727141172143,0.5061433547127223,0.5061433547127222,0,0.0,691937380137,5610429,0.2762383657638946,0.49614985576279924
4804,48,04,113,1404454,27247993254,0.17359168361626373,0.3987873629215824,0.5695318321760813,690119,0.0,691937380137,5610429,0.2762383657638946,0.49614985576279924
4805,48,05,113,1133801,13558518894,0.13254027317166203,0.32251183448828347,0.32251183448828347,0,0.0,691937380137,5610429,0.2762383657638946,0.49614985576279924
4806,48,06,113,582347,5820466560,0.21567661157511248,0.3790011048879946,0.3790011048879945,0,0.0,691937380137,5610429,0.2762383657638946,0.49614985576279924
4807,48,07,113,197210,422943152,0.1366573304903895,0.32711941086933594,0.32711941086933594,0,0.0,691937380137,5610429,0.2762383657638946,0.49614985576279924
4808,48,08,113,924930,16092904263,0.2363880271371779,0.5841311557601278,0.584131155760128,0,0.0,691937380137,5610429,0.2762383657638946,0.49614985576279924
4809,48,09,113,186431,434421557,0.15706615780091843,0.3230664100837792,0.3230664100837791,0,0.0,691937380137,5610429,0.2762383657638946,0.49614985576279924
4810,48,10,113,1040186,13320943346,0.15471129622907534,0.32968314134433846,0.32968314134433846,0,0.0,691937380137,5610429,0.2762383657638946,0.49614985576279924
4811,48,11,113,2127730,72658489431,0.2016798174969828,0.3647935813255243,0.365189715228252,50556,0.0,691937380137,5610429,0.2762383657638946,0.49614985576279924
4812,48,12,113,456024,3819279981,0.2307886090108769,0.5302054717324522,0.5302054717324522,0,0.0,691937380137,5610429,0.2762383657638946,0.49614985576279924
4813,48,13,113,2189722,100091396419,0.26231787621796376,0.313669041818905,0.5970398094982078,1235092,0.0,691937380137,5610429,0.2762383657638946,0.49614985576279924
4814,48,14,113,817706,7718845679,0.14506656705546964,0.21878914308516775,0.35271167498722694,219848,248696.0,691937380137,5610429,0.2762383657638946,0.49614985576279924
4815,48,15,113,1442633,20366576540,0.12297464779568461,0.13745561457736774,0.1846564382216627,20058,0.0,691937380137,5610429,0.2762383657638946,0.49614985576279924
4816,48,16,113,200131,1841812341,0.5778600507398077,0.5093491082885582,0.801916095644245,119542,0.0,691937380137,5610429,0.2762383657638946,0.49614985576279924
4817,48,17,113,1149107,20124691320,0.19152147824900723,0.43994379737678385,0.43994379737678385,0,0.0,691937380137,5610429,0.2762383657638946,0.49614985576279924
4818,48,18,113,312466,613765515,0.07899621620169771,0.34292762054903725,0.3429276205490372,0,0.0,691937380137,5610429,0.2762383657638946,0.49614985576279924
4819,48,19,113,1741362,67196581745,0.27847003314274543,0.403069190150538,0.4547711047031351,259722,0.0,691937380137,5610429,0.2762383657638946,0.49614985576279924
4820,48,20,113,190113,518679868,0.1803364893622402,0.46763168699415936,0.46763168699415947,0,0.0,691937380137,5610429,0.2762383657638946,0.49614985576279924
4821,48,21,113,999112,15426929336,0.19420485380725522,0.38552617240655807,0.385526172406558,0,0.0,691937380137,5610429,0.2762383657638946,0.49614985576279924
4822,48,22,113,485220,2737809985,0.1461284106711015,0.4107908291435101,0.4107908291435101,0,0.0,691937380137,5610429,0.2762383657638946,0.49614985576279924
4823,48,23,113,2843980,150633237215,0.2340330550218347,0.2962642545751391,0.5596534662278374,1434544,0.0,691937380137,5610429,0.2762383657638946,0.49614985576279924
4824,48,24,113,204915,703825066,0.210631712761867,0.37916244671237515,0.37916244671237526,0,0.0,691937380137,5610429,0.2762383657638946,0.49614985576279924
4825,48,25,113,1257138,20058616392,0.1594938563637606,0.25167450630366733,0.25167450630366733,0,0.0,691937380137,5610429,0.2762383657638946,0.49614985576279924
4826,48,26,113,264932,2541267592,0.45497647203741987,0.5291829494380054,0.5291829494380055,0,0.0,691937380137,5610429,0.2762383657638946,0.49614985576279924
4827,48,27,113,1348755,26913218764,0.18591255045513477,0.33819218831218284,0.39196649974031444,221907,156315.0,691937380137,5610429,0.2762383657638946,0.49614985576279924
4828,48,28,113,1470332,24513719918,0.14249097651325307,0.19764797976920606,0.2582525831773536,416548,0.0,691937380137,5610429,0.2762383657638946,0.49614985576279924
4829,48,29,113,269744,494902157,0.08547204462847388,0.30984053327902,0.3098405332790199,0,0.0,691937380137,5610429,0.2762383657638946,0.49614985576279924
4830,48,30,113,256680,955854911,0.18231201964894062,0.46831975106331686,0.4683197510633172,0,0.0,691937380137,5610429,0.2762383657638946,0.49614985576279924
4831,48,31,113,398411,5716602057,0.4525671072045246,0.5923130653570865,0.5923130653570863,0,0.0,691937380137,5610429,0.2762383657638946,0.49614985576279924
4832,48,32,113,227953,516324629,0.12486468104714304,0.39377264147901997,0.3937726414790201,0,0.0,691937380137,5610429,0.2762383657638946,0.49614985576279924
4833,48,33,113,396694,565548167,0.045161336085374586,0.24780767393469502,0.24780767393469502,0,0.0,691937380137,5610429,0.2762383657638946,0.49614985576279924
4834,48,34,113,1543763,23526176624,0.12405075830420827,0.1614566841087799,0.24552469594473664,399430,125251.0,691937380137,5610429,0.2762383657638946,0.49614985576279924
4835,48,35,113,600761,1557631876,0.054233830324397415,0.09362682017374331,0.0936268201737433,0,0.0,691937380137,5610429,0.2762383657638946,0.49614985576279924
4836,48,36,113,1082656,19698201935,0.2111810808614828,0.4288045945800537,0.581815616614009,284926,136303.0,691937380137,5610429,0.2762383657638946,0.49614985576279924
4901,49,01,113,1510109,53884817869,0.2969332645667791,0.283099646153901,0.43092773083462865,804962,0.0,219884449603,1991794,0.6964901287985721,0.5520110309723518
4902,49,02,113,1916407,106579783330,0.364677297211593,0.5000665666696016,0.6676958638523139,693217,0.0,219884449603,1991794,0.6964901287985721,0.5520110309723518
4903,49,03,113,1795763,52440274113,0.2043506945842195,0.27871468980705927,0.3683801437452533,493608,0.0,219884449603,1991794,0.6964901287985721,0.5520110309723518
4904,49,04,113,600093,6979574290,0.243557056565034,0.3140984813475787,0.3140984813475787,0,0.0,219884449603,1991794,0.6964901287985721,0.5520110309723518
5000,50,00,113,929906,24893724770,0.36176003837910925,0.35226134172402573,1.0000291672204165,929877,0.0,24893724770,929906,0.36176003837910925,0.35226134172402573
5101,51,01,113,921478,10543418834,0.15603439199790922,0.26034123779259893,0.38636799674929706,270730,316638.0,105841809810,2502936,0.271040125446405,0.2975952964347451
5102,51,02,113,653552,3533039452,0.2863054991557453,0.18959368787399214,0.7173626253978731,415860,184094.0,105841809810,2502936,0.271040125446405,0.2975952964347451
5103,51,03,113,677276,3001894849,0.08223817974964844,0.19876629242123878,0.2263402038423521,0,0.0,105841809810,2502936,0.271040125446405,0.2975952964347451
5104,51,04,113,830789,11344190494,0.20653861207006813,0.33182072779998456,0.4182238894504822,140369,0.0,105841809810,2502936,0.271040125446405,0.2975952964347451
5105,51,05,113,1467489,26369110610,0.15387031581180244,0.29578002494621247,0.37692093806145094,179958,0.0,105841809810,2502936,0.271040125446405,0.2975952964347451
5106,51,06,113,1095297,15463293776,0.1619747737979457,0.2611746197286661,0.3637080028743729,286134,0.0,105841809810,2502936,0.271040125446405,0.2975952964347451
5107,51,07,113,836639,7361792085,0.13216492958004727,0.29825218936181946,0.34819027767564714,0,0.0,105841809810,2502936,0.271040125446405,0.2975952964347451
5108,51,08,113,137963,403475403,0.2663759626174157,0.3844301774168465,0.48555566975411846,58354,5.0,105841809810,2502936,0.271040125446405,0.2975952964347451
5109,51,09,113,1260028,23759684612,0.18805708786674888,0.2210792217104091,0.783531248151327,895520,0.0,105841809810,2502936,0.271040125446405,0.2975952964347451
5110,51,10,113,598842,3590161586,0.12580515324126548,0.2920351228896422,0.46438038006665855,242918,0.0,105841809810,2502936,0.271040125446405,0.2975952964347451
5111,51,11,113,256232,471748105,0.09029214831122899,0.19791339411448136,0.22342373758319903,12990,2520.0,105841809810,2502936,0.271040125446405,0.2975952964347451
5301,53,01,113,928111,16455003482,0.24005287773234374,0.45728445804661955,0.5270060903144155,178210,90093.0,178815834651,2133286,0.5560236828499582,0.5811970479745164
5302,53,02,113,538246,4136641083,0.3514536738480155,0.34221786121318165,0.4655869661407581,216560,600119.0,178815834651,2133286,0.5560236828499582,0.5811970479745164
5303,53,03,113,996005,24311736596,0.3079656105614851,0.29173093610747536,0.41028520422254094,494921,142923.0,178815834651,2133286,0.5560236828499582,0.5811970479745164
5304,53,04,113,1631641,50664789331,0.2391476649551185,0.408337737963176,0.4180065610743197,240303,0.0,178815834651,2133286,0.5560236828499582,0.5811970479745164
5305,53,05,113,1138777,40673579724,0.39413425074381514,0.36158673779662026,0.5367759156744677,613110,0.0,178815834651,2133286,0.5560236828499582,0.5811970479745164
5306,53,06,113,732859,19474832391,0.4556606398841139,0.5154320467688093,0.8323744711112122,390172,494514.0,178815834651,2133286,0.5560236828499582,0.5811970479745164
5307,53,07,113,176251,713698742,0.28870851003149284,0.2164053181943444,0.2164053181943443,0,109659.0,178815834651,2133286,0.5560236828499582,0.5811970479745164
5308,53,08,113,1140751,19430957224,0.18763839039126468,0.4037190674955033,0.40469348452479664,0,0.0,178815834651,2133286,0.5560236828499582,0.5811970479745164
5309,53,09,113,217093,580030256,0.15465649392219732,0.2509905775963372,0.2509905775963372,0,25685.0,178815834651,2133286,0.5560236828499582,0.5811970479745164
5310,53,10,113,354649,2374565817,0.23724438149234137,0.4332893217220138,0.4332893217220138,0,0.0,178815834651,2133286,0.5560236828499582,0.5811970479745164
5401,54,01,113,1224767,16430220328,0.1376402539644908,0.3075455296026619,0.5807252719805726,689085,0.0,62755507926,2047259,0.1881549596284829,0.4155919338599101
5402,54,02,113,1665018,20892519117,0.09470271364677939,0.18757286878479226,0.39179943609429846,572234,0.0,62755507926,2047259,0.1881549596284829,0.4155919338599101
5403,54,03,113,1342996,25432768480,0.1771957584754312,0.47980727664379924,0.6019000702964513,785835,0.0,62755507926,2047259,0.1881549596284829,0.4155919338599101
5501,55,01,113,421283,4608140305,0.3262762777367446,0.5534121974608894,0.7558897379276488,135596,42929.0,145514684578,2224780,0.40518233040708096,0.5218669074777563
5502,55,02,113,588379,11939407428,0.43338831256648047,0.5287364342369109,0.5691657624663914,110958,0.0,145514684578,2224780,0.40518233040708096,0.5218669074777563
5503,55,03,113,1504706,29608129667,0.16433007234699848,0.31767209658518886,0.5029406687824388,404546,0.0,145514684578,2224780,0.40518233040708096,0.5218669074777563
5504,55,04,113,187599,329837858,0.1201786673544118,0.21421204316362355,0.32416139308271863,42994,13549.0,145514684578,2224780,0.40518233040708096,0.5218669074777563
5505,55,05,113,519764,5062276734,0.23547382181755097,0.5285374039827982,0.5401811934500695,0,0.0,145514684578,2224780,0.40518233040708096,0.5218669074777563
5506,55,06,113,880741,13517552472,0.21898318068819295,0.4118382690054407,0.4598814211084295,142473,91893.0,145514684578,2224780,0.40518233040708096,0.5218669074777563
5507,55,07,113,1805410,62187394130,0.2564142896567146,0.5531892795214055,0.687572686004614,851594,225608.0,145514684578,2224780,0.40518233040708096,0.5218669074777563
5508,55,08,113,1088253,18261945980,0.21190966229259223,0.4577966493908193,0.6652265851698148,536587,242322.0,145514684578,2224780,0.40518233040708096,0.5218669074777563
5600,56,00,113,2019065,253333624359,0.780910795863332,0.6345203555568076,1.0000171022182005,2019055,0.0,253333624359,2019065,0.780910795863332,0.6345203555568076
